-- ---------------------------------------------------------------------
-- ATTENDEES
-- ---------------------------------------------------------------------
INSERT INTO attendees (attendee_id, full_name, phone_number, email, date_of_birth, city, registration_date) VALUES (1, 'Dennis Njoroge', '+254762992312', 'dennis.njoroge1@gmail.com', '2004-10-14', 'Eldoret', '2026-03-24');
INSERT INTO attendees (attendee_id, full_name, phone_number, email, date_of_birth, city, registration_date) VALUES (2, 'Monica Otieno', '+254778106871', 'monica.otieno2@gmail.com', '2004-12-05', 'Nairobi', '2026-03-05');
INSERT INTO attendees (attendee_id, full_name, phone_number, email, date_of_birth, city, registration_date) VALUES (3, 'Esther Kamau', '+254783960310', 'esther.kamau3@gmail.com', '2005-03-23', 'Eldoret', '2026-04-06');
INSERT INTO attendees (attendee_id, full_name, phone_number, email, date_of_birth, city, registration_date) VALUES (4, 'Monica Barasa', '+254716655764', 'monica.barasa4@gmail.com', '1996-10-05', 'Mombasa', '2026-03-19');
INSERT INTO attendees (attendee_id, full_name, phone_number, email, date_of_birth, city, registration_date) VALUES (5, 'Diana Njoroge', '+254782569631', 'diana.njoroge5@gmail.com', '2002-10-03', 'Mombasa', '2026-03-07');
INSERT INTO attendees (attendee_id, full_name, phone_number, email, date_of_birth, city, registration_date) VALUES (6, 'Monica Korir', '+254795753514', 'monica.korir6@gmail.com', '2004-10-08', 'Eldoret', '2026-04-06');
INSERT INTO attendees (attendee_id, full_name, phone_number, email, date_of_birth, city, registration_date) VALUES (7, 'Mary Wekesa', '+254737643310', 'mary.wekesa7@gmail.com', '2002-02-06', 'Nairobi', '2026-04-07');
INSERT INTO attendees (attendee_id, full_name, phone_number, email, date_of_birth, city, registration_date) VALUES (8, 'Joyce Chebet', '+254750234045', 'joyce.chebet8@gmail.com', '2003-07-24', 'Mombasa', '2026-03-06');
INSERT INTO attendees (attendee_id, full_name, phone_number, email, date_of_birth, city, registration_date) VALUES (9, 'Gladys Odhiambo', '+254780490681', 'gladys.odhiambo9@gmail.com', '2002-11-29', 'Kisumu', '2026-04-08');
INSERT INTO attendees (attendee_id, full_name, phone_number, email, date_of_birth, city, registration_date) VALUES (10, 'Grace Wafula', '+254778710461', 'grace.wafula10@gmail.com', '2003-04-30', 'Nairobi', '2026-03-27');
INSERT INTO attendees (attendee_id, full_name, phone_number, email, date_of_birth, city, registration_date) VALUES (11, 'Peter Auma', '+254720418044', 'peter.auma11@gmail.com', '1997-02-07', 'Kisumu', '2026-04-14');
INSERT INTO attendees (attendee_id, full_name, phone_number, email, date_of_birth, city, registration_date) VALUES (12, 'Victor Wekesa', '+254776662562', 'victor.wekesa12@gmail.com', '2002-06-11', 'Eldoret', '2026-04-30');
INSERT INTO attendees (attendee_id, full_name, phone_number, email, date_of_birth, city, registration_date) VALUES (13, 'Caroline Onyango', '+254799141000', 'caroline.onyango13@gmail.com', '2002-08-19', 'Nairobi', '2026-03-19');
INSERT INTO attendees (attendee_id, full_name, phone_number, email, date_of_birth, city, registration_date) VALUES (14, 'Bernard Barasa', '+254799745048', 'bernard.barasa14@gmail.com', '2002-01-16', 'Mombasa', '2026-04-09');
INSERT INTO attendees (attendee_id, full_name, phone_number, email, date_of_birth, city, registration_date) VALUES (15, 'Daniel Onyango', '+254717912728', 'daniel.onyango15@gmail.com', '2003-05-11', 'Mombasa', '2026-03-26');
INSERT INTO attendees (attendee_id, full_name, phone_number, email, date_of_birth, city, registration_date) VALUES (16, 'Winnie Kiplagat', '+254776640001', 'winnie.kiplagat16@gmail.com', '2001-12-23', 'Kisumu', '2026-04-26');
INSERT INTO attendees (attendee_id, full_name, phone_number, email, date_of_birth, city, registration_date) VALUES (17, 'Michael Wairimu', '+254767783637', 'michael.wairimu17@gmail.com', '1994-07-22', 'Nairobi', '2026-03-23');
INSERT INTO attendees (attendee_id, full_name, phone_number, email, date_of_birth, city, registration_date) VALUES (18, 'Collins Adhiambo', '+254761061966', 'collins.adhiambo18@gmail.com', '1996-06-05', 'Mombasa', '2026-03-10');
INSERT INTO attendees (attendee_id, full_name, phone_number, email, date_of_birth, city, registration_date) VALUES (19, 'Samuel Auma', '+254741317839', 'samuel.auma19@gmail.com', '2004-03-03', 'Kisumu', '2026-03-01');
INSERT INTO attendees (attendee_id, full_name, phone_number, email, date_of_birth, city, registration_date) VALUES (20, 'Elizabeth Nyambura', '+254781751584', 'elizabeth.nyambura20@gmail.com', '2003-05-13', 'Eldoret', '2026-03-30');
INSERT INTO attendees (attendee_id, full_name, phone_number, email, date_of_birth, city, registration_date) VALUES (21, 'Kenneth Owino', '+254785064182', 'kenneth.owino21@gmail.com', '2001-12-27', 'Eldoret', '2026-03-31');
INSERT INTO attendees (attendee_id, full_name, phone_number, email, date_of_birth, city, registration_date) VALUES (22, 'Cynthia Barasa', '+254718354761', 'cynthia.barasa22@gmail.com', '2003-12-03', 'Mombasa', '2026-03-08');
INSERT INTO attendees (attendee_id, full_name, phone_number, email, date_of_birth, city, registration_date) VALUES (23, 'Emmanuel Wekesa', '+254717056578', 'emmanuel.wekesa23@gmail.com', '2003-10-15', 'Eldoret', '2026-04-30');
INSERT INTO attendees (attendee_id, full_name, phone_number, email, date_of_birth, city, registration_date) VALUES (24, 'Patrick Wekesa', '+254713422671', 'patrick.wekesa24@gmail.com', '2003-09-05', 'Nairobi', '2026-03-10');
INSERT INTO attendees (attendee_id, full_name, phone_number, email, date_of_birth, city, registration_date) VALUES (25, 'Cynthia Wambui', '+254756625835', 'cynthia.wambui25@gmail.com', '2002-05-15', 'Eldoret', '2026-04-24');
INSERT INTO attendees (attendee_id, full_name, phone_number, email, date_of_birth, city, registration_date) VALUES (26, 'Susan Cheruiyot', '+254774477539', 'susan.cheruiyot26@gmail.com', '2005-05-03', 'Eldoret', '2026-04-17');
INSERT INTO attendees (attendee_id, full_name, phone_number, email, date_of_birth, city, registration_date) VALUES (27, 'Emmanuel Gitau', '+254745535068', 'emmanuel.gitau27@gmail.com', '2003-10-25', 'Eldoret', '2026-03-14');
INSERT INTO attendees (attendee_id, full_name, phone_number, email, date_of_birth, city, registration_date) VALUES (28, 'Beatrice Chebet', '+254729676659', 'beatrice.chebet28@gmail.com', '2005-10-18', 'Kisumu', '2026-04-11');
INSERT INTO attendees (attendee_id, full_name, phone_number, email, date_of_birth, city, registration_date) VALUES (29, 'Faith Muthoni', '+254745046288', 'faith.muthoni29@gmail.com', '2004-01-15', 'Mombasa', '2026-04-04');
INSERT INTO attendees (attendee_id, full_name, phone_number, email, date_of_birth, city, registration_date) VALUES (30, 'Lucy Kimani', '+254777470852', 'lucy.kimani30@gmail.com', '2003-09-06', 'Mombasa', '2026-04-21');
INSERT INTO attendees (attendee_id, full_name, phone_number, email, date_of_birth, city, registration_date) VALUES (31, 'Esther Wairimu', '+254763778945', 'esther.wairimu31@gmail.com', '2003-04-05', 'Nairobi', '2026-03-23');
INSERT INTO attendees (attendee_id, full_name, phone_number, email, date_of_birth, city, registration_date) VALUES (32, 'Anthony Mwangi', '+254713749650', 'anthony.mwangi32@gmail.com', '1999-03-07', 'Mombasa', '2026-04-14');
INSERT INTO attendees (attendee_id, full_name, phone_number, email, date_of_birth, city, registration_date) VALUES (33, 'Jane Chebet', '+254770025882', 'jane.chebet33@gmail.com', '2001-01-11', 'Eldoret', '2026-03-15');
INSERT INTO attendees (attendee_id, full_name, phone_number, email, date_of_birth, city, registration_date) VALUES (34, 'Joseph Mutua', '+254773093067', 'joseph.mutua34@gmail.com', '2003-11-11', 'Eldoret', '2026-03-31');
INSERT INTO attendees (attendee_id, full_name, phone_number, email, date_of_birth, city, registration_date) VALUES (35, 'Sharon Chebet', '+254796319863', 'sharon.chebet35@gmail.com', '2004-12-29', 'Mombasa', '2026-03-31');
INSERT INTO attendees (attendee_id, full_name, phone_number, email, date_of_birth, city, registration_date) VALUES (36, 'Ann Nyambura', '+254795341298', 'ann.nyambura36@gmail.com', '2001-11-21', 'Nairobi', '2026-04-17');
INSERT INTO attendees (attendee_id, full_name, phone_number, email, date_of_birth, city, registration_date) VALUES (37, 'Faith Gitau', '+254731321298', 'faith.gitau37@gmail.com', '2004-07-01', 'Mombasa', '2026-04-07');
INSERT INTO attendees (attendee_id, full_name, phone_number, email, date_of_birth, city, registration_date) VALUES (38, 'Joyce Rotich', '+254798027796', 'joyce.rotich38@gmail.com', '2001-08-14', 'Kisumu', '2026-03-10');
INSERT INTO attendees (attendee_id, full_name, phone_number, email, date_of_birth, city, registration_date) VALUES (39, 'Eunice Njuguna', '+254727580355', 'eunice.njuguna39@gmail.com', '2004-10-19', 'Mombasa', '2026-03-28');
INSERT INTO attendees (attendee_id, full_name, phone_number, email, date_of_birth, city, registration_date) VALUES (40, 'James Wairimu', '+254738325623', 'james.wairimu40@gmail.com', '2004-02-17', 'Mombasa', '2026-04-18');
INSERT INTO attendees (attendee_id, full_name, phone_number, email, date_of_birth, city, registration_date) VALUES (41, 'Monica Kariuki', '+254744811353', 'monica.kariuki41@gmail.com', '2004-06-14', 'Kisumu', '2026-04-27');
INSERT INTO attendees (attendee_id, full_name, phone_number, email, date_of_birth, city, registration_date) VALUES (42, 'Joyce Auma', '+254788295746', 'joyce.auma42@gmail.com', '1997-12-14', 'Mombasa', '2026-04-04');
INSERT INTO attendees (attendee_id, full_name, phone_number, email, date_of_birth, city, registration_date) VALUES (43, 'Elizabeth Wanjiru', '+254778524460', 'elizabeth.wanjiru43@gmail.com', '2002-04-14', 'Eldoret', '2026-04-19');
INSERT INTO attendees (attendee_id, full_name, phone_number, email, date_of_birth, city, registration_date) VALUES (44, 'Elizabeth Achieng', '+254728999723', 'elizabeth.achieng44@gmail.com', '1991-04-10', 'Eldoret', '2026-03-21');

-- ---------------------------------------------------------------------
-- TICKET TYPES
-- ---------------------------------------------------------------------
INSERT INTO ticket_types (ticket_type_id, category, pass_type, price) VALUES (1, 'EARLY BIRD', 'DAY1', 4500.00);
INSERT INTO ticket_types (ticket_type_id, category, pass_type, price) VALUES (2, 'EARLY BIRD', 'DAY2', 4500.00);
INSERT INTO ticket_types (ticket_type_id, category, pass_type, price) VALUES (3, 'EARLY BIRD', 'DAY3', 4700.00);
INSERT INTO ticket_types (ticket_type_id, category, pass_type, price) VALUES (4, 'EARLY BIRD', 'THREE_DAY', 12000.00);
INSERT INTO ticket_types (ticket_type_id, category, pass_type, price) VALUES (5, 'REGULAR', 'DAY1', 6000.00);
INSERT INTO ticket_types (ticket_type_id, category, pass_type, price) VALUES (6, 'REGULAR', 'DAY2', 6000.00);
INSERT INTO ticket_types (ticket_type_id, category, pass_type, price) VALUES (7, 'REGULAR', 'DAY3', 6300.00);
INSERT INTO ticket_types (ticket_type_id, category, pass_type, price) VALUES (8, 'REGULAR', 'THREE_DAY', 16000.00);
INSERT INTO ticket_types (ticket_type_id, category, pass_type, price) VALUES (9, 'VIP', 'DAY1', 15000.00);
INSERT INTO ticket_types (ticket_type_id, category, pass_type, price) VALUES (10, 'VIP', 'DAY2', 15000.00);
INSERT INTO ticket_types (ticket_type_id, category, pass_type, price) VALUES (11, 'VIP', 'DAY3', 15300.00);
INSERT INTO ticket_types (ticket_type_id, category, pass_type, price) VALUES (12, 'VIP', 'THREE_DAY', 35000.00);

-- ---------------------------------------------------------------------
-- TICKETS 
-- ---------------------------------------------------------------------
INSERT INTO tickets (ticket_id, attendee_id, ticket_type_id, purchase_date, registration_date) VALUES (1, 44, 9, '2026-04-11', '2026-04-03');
INSERT INTO tickets (ticket_id, attendee_id, ticket_type_id, purchase_date, registration_date) VALUES (2, 31, 2, '2026-05-04', '2026-04-26');
INSERT INTO tickets (ticket_id, attendee_id, ticket_type_id, purchase_date, registration_date) VALUES (3, 4, 4, '2026-03-17', '2026-03-13');
INSERT INTO tickets (ticket_id, attendee_id, ticket_type_id, purchase_date, registration_date) VALUES (4, 3, 2, '2026-04-09', '2026-04-02');
INSERT INTO tickets (ticket_id, attendee_id, ticket_type_id, purchase_date, registration_date) VALUES (5, 36, 1, '2026-04-19', '2026-04-18');
INSERT INTO tickets (ticket_id, attendee_id, ticket_type_id, purchase_date, registration_date) VALUES (6, 29, 6, '2026-04-17', '2026-04-09');
INSERT INTO tickets (ticket_id, attendee_id, ticket_type_id, purchase_date, registration_date) VALUES (7, 39, 9, '2026-03-17', '2026-03-13');
INSERT INTO tickets (ticket_id, attendee_id, ticket_type_id, purchase_date, registration_date) VALUES (8, 29, 9, '2026-04-11', '2026-04-04');
INSERT INTO tickets (ticket_id, attendee_id, ticket_type_id, purchase_date, registration_date) VALUES (9, 33, 4, '2026-04-22', '2026-04-14');
INSERT INTO tickets (ticket_id, attendee_id, ticket_type_id, purchase_date, registration_date) VALUES (10, 17, 9, '2026-04-30', '2026-04-27');
INSERT INTO tickets (ticket_id, attendee_id, ticket_type_id, purchase_date, registration_date) VALUES (11, 29, 3, '2026-03-28', '2026-03-27');
INSERT INTO tickets (ticket_id, attendee_id, ticket_type_id, purchase_date, registration_date) VALUES (12, 26, 8, '2026-03-22', '2026-03-21');
INSERT INTO tickets (ticket_id, attendee_id, ticket_type_id, purchase_date, registration_date) VALUES (13, 43, 4, '2026-03-29', '2026-03-28');
INSERT INTO tickets (ticket_id, attendee_id, ticket_type_id, purchase_date, registration_date) VALUES (14, 14, 11, '2026-03-21', '2026-03-20');
INSERT INTO tickets (ticket_id, attendee_id, ticket_type_id, purchase_date, registration_date) VALUES (15, 10, 12, '2026-04-21', '2026-04-11');
INSERT INTO tickets (ticket_id, attendee_id, ticket_type_id, purchase_date, registration_date) VALUES (16, 24, 3, '2026-03-19', '2026-03-17');
INSERT INTO tickets (ticket_id, attendee_id, ticket_type_id, purchase_date, registration_date) VALUES (17, 30, 4, '2026-04-18', '2026-04-17');
INSERT INTO tickets (ticket_id, attendee_id, ticket_type_id, purchase_date, registration_date) VALUES (18, 26, 8, '2026-03-21', '2026-03-11');
INSERT INTO tickets (ticket_id, attendee_id, ticket_type_id, purchase_date, registration_date) VALUES (19, 15, 3, '2026-04-21', '2026-04-15');
INSERT INTO tickets (ticket_id, attendee_id, ticket_type_id, purchase_date, registration_date) VALUES (20, 33, 7, '2026-03-28', '2026-03-22');
INSERT INTO tickets (ticket_id, attendee_id, ticket_type_id, purchase_date, registration_date) VALUES (21, 13, 6, '2026-03-22', '2026-03-21');
INSERT INTO tickets (ticket_id, attendee_id, ticket_type_id, purchase_date, registration_date) VALUES (22, 24, 1, '2026-03-30', '2026-03-22');
INSERT INTO tickets (ticket_id, attendee_id, ticket_type_id, purchase_date, registration_date) VALUES (23, 30, 8, '2026-04-15', '2026-04-15');
INSERT INTO tickets (ticket_id, attendee_id, ticket_type_id, purchase_date, registration_date) VALUES (24, 25, 6, '2026-04-12', '2026-04-03');
INSERT INTO tickets (ticket_id, attendee_id, ticket_type_id, purchase_date, registration_date) VALUES (25, 19, 9, '2026-03-06', '2026-03-05');
INSERT INTO tickets (ticket_id, attendee_id, ticket_type_id, purchase_date, registration_date) VALUES (26, 15, 2, '2026-03-10', '2026-03-06');
INSERT INTO tickets (ticket_id, attendee_id, ticket_type_id, purchase_date, registration_date) VALUES (27, 18, 1, '2026-04-29', '2026-04-27');
INSERT INTO tickets (ticket_id, attendee_id, ticket_type_id, purchase_date, registration_date) VALUES (28, 18, 3, '2026-04-28', '2026-04-22');
INSERT INTO tickets (ticket_id, attendee_id, ticket_type_id, purchase_date, registration_date) VALUES (29, 44, 5, '2026-03-28', '2026-03-26');
INSERT INTO tickets (ticket_id, attendee_id, ticket_type_id, purchase_date, registration_date) VALUES (30, 35, 9, '2026-04-13', '2026-04-06');
INSERT INTO tickets (ticket_id, attendee_id, ticket_type_id, purchase_date, registration_date) VALUES (31, 21, 2, '2026-03-18', '2026-03-18');
INSERT INTO tickets (ticket_id, attendee_id, ticket_type_id, purchase_date, registration_date) VALUES (32, 12, 7, '2026-04-28', '2026-04-27');
INSERT INTO tickets (ticket_id, attendee_id, ticket_type_id, purchase_date, registration_date) VALUES (33, 18, 1, '2026-04-11', '2026-04-10');
INSERT INTO tickets (ticket_id, attendee_id, ticket_type_id, purchase_date, registration_date) VALUES (34, 17, 2, '2026-04-11', '2026-04-08');
INSERT INTO tickets (ticket_id, attendee_id, ticket_type_id, purchase_date, registration_date) VALUES (35, 5, 5, '2026-04-26', '2026-04-25');
INSERT INTO tickets (ticket_id, attendee_id, ticket_type_id, purchase_date, registration_date) VALUES (36, 30, 1, '2026-03-30', '2026-03-22');
INSERT INTO tickets (ticket_id, attendee_id, ticket_type_id, purchase_date, registration_date) VALUES (37, 27, 5, '2026-04-11', '2026-04-09');
INSERT INTO tickets (ticket_id, attendee_id, ticket_type_id, purchase_date, registration_date) VALUES (38, 3, 9, '2026-04-18', '2026-04-15');
INSERT INTO tickets (ticket_id, attendee_id, ticket_type_id, purchase_date, registration_date) VALUES (39, 8, 3, '2026-03-17', '2026-03-17');
INSERT INTO tickets (ticket_id, attendee_id, ticket_type_id, purchase_date, registration_date) VALUES (40, 12, 4, '2026-05-03', '2026-04-29');
INSERT INTO tickets (ticket_id, attendee_id, ticket_type_id, purchase_date, registration_date) VALUES (41, 41, 5, '2026-04-06', '2026-04-03');
INSERT INTO tickets (ticket_id, attendee_id, ticket_type_id, purchase_date, registration_date) VALUES (42, 19, 8, '2026-04-12', '2026-04-02');
INSERT INTO tickets (ticket_id, attendee_id, ticket_type_id, purchase_date, registration_date) VALUES (43, 12, 5, '2026-03-23', '2026-03-23');
INSERT INTO tickets (ticket_id, attendee_id, ticket_type_id, purchase_date, registration_date) VALUES (44, 17, 1, '2026-03-01', '2026-03-01');

-- ---------------------------------------------------------------------
-- ARTISTS
-- ---------------------------------------------------------------------
INSERT INTO artists (artist_id, full_name, genre, nationality) VALUES (1, 'Watendawili', 'Afro-Fusion / Afropop', 'Kenyan');
INSERT INTO artists (artist_id, full_name, genre, nationality) VALUES (2, 'Nyashinski', 'Hip-Hop / Afro-Pop', 'Kenyan');
INSERT INTO artists (artist_id, full_name, genre, nationality) VALUES (3, 'Kabza De Small', 'Amapiano', 'South African');
INSERT INTO artists (artist_id, full_name, genre, nationality) VALUES (4, 'Rema', 'Afrobeats', 'Nigerian');
INSERT INTO artists (artist_id, full_name, genre, nationality) VALUES (5, 'Njerae', 'Afro-Indie / R&B', 'Kenyan');
INSERT INTO artists (artist_id, full_name, genre, nationality) VALUES (6, 'Chris Kaiga', 'Gengetone / Hip-Hop', 'Kenyan');
INSERT INTO artists (artist_id, full_name, genre, nationality) VALUES (7, 'Bensoul', 'Afro-Soul / R&B', 'Kenyan');
INSERT INTO artists (artist_id, full_name, genre, nationality) VALUES (8, 'Konshens', 'Dancehall', 'Jamaican');
INSERT INTO artists (artist_id, full_name, genre, nationality) VALUES (9, 'B3B', 'Gengetone', 'Kenyan');
INSERT INTO artists (artist_id, full_name, genre, nationality) VALUES (10, 'Lil Maina', 'Gengetone / Trap', 'Kenyan');
INSERT INTO artists (artist_id, full_name, genre, nationality) VALUES (11, 'Matata', 'Gengetone', 'Kenyan');
INSERT INTO artists (artist_id, full_name, genre, nationality) VALUES (12, 'Nikita Kering', 'R&B / Soul', 'Kenyan');
INSERT INTO artists (artist_id, full_name, genre, nationality) VALUES (13, 'Uncle Waffles', 'Amapiano', 'Swazi (Eswatini)');
INSERT INTO artists (artist_id, full_name, genre, nationality) VALUES (14, 'Vybz Kartel', 'Dancehall', 'Jamaican');
INSERT INTO artists (artist_id, full_name, genre, nationality) VALUES (15, 'Sauti Sol', 'Afro-Pop / Soul', 'Kenyan');

-- ---------------------------------------------------------------------
-- STAGES
-- ---------------------------------------------------------------------
INSERT INTO stages (stage_id, stage_name, capacity, location) VALUES (1, 'Main Stage', 8000, 'Beachfront - North End');
INSERT INTO stages (stage_id, stage_name, capacity, location) VALUES (2, 'Sunset Stage', 4000, 'Beachfront - South End');
INSERT INTO stages (stage_id, stage_name, capacity, location) VALUES (3, 'Forest Stage', 2500, 'Palm Grove');
INSERT INTO stages (stage_id, stage_name, capacity, location) VALUES (4, 'Acoustic Stage', 1200, 'Garden Lawn');
INSERT INTO stages (stage_id, stage_name, capacity, location) VALUES (5, 'Electronic Dome', 3000, 'West Field');
INSERT INTO stages (stage_id, stage_name, capacity, location) VALUES (6, 'Rising Stars Stage', 1000, 'East Field');

-- ---------------------------------------------------------------------
-- PERFORMANCES
-- ---------------------------------------------------------------------
INSERT INTO performances (performance_id, artist_id, stage_id, festival_day, start_time, end_time) VALUES (1, 1, 6, 'DAY3', '20:00:00', '21:30:00');
INSERT INTO performances (performance_id, artist_id, stage_id, festival_day, start_time, end_time) VALUES (2, 2, 4, 'DAY1', '19:00:00', '20:30:00');
INSERT INTO performances (performance_id, artist_id, stage_id, festival_day, start_time, end_time) VALUES (3, 3, 6, 'DAY2', '22:30:00', '23:59:00');
INSERT INTO performances (performance_id, artist_id, stage_id, festival_day, start_time, end_time) VALUES (4, 4, 4, 'DAY3', '16:00:00', '16:45:00');
INSERT INTO performances (performance_id, artist_id, stage_id, festival_day, start_time, end_time) VALUES (5, 5, 3, 'DAY1', '22:00:00', '23:00:00');
INSERT INTO performances (performance_id, artist_id, stage_id, festival_day, start_time, end_time) VALUES (6, 6, 3, 'DAY1', '14:00:00', '14:45:00');
INSERT INTO performances (performance_id, artist_id, stage_id, festival_day, start_time, end_time) VALUES (7, 7, 6, 'DAY3', '16:30:00', '17:15:00');
INSERT INTO performances (performance_id, artist_id, stage_id, festival_day, start_time, end_time) VALUES (8, 8, 1, 'DAY1', '22:30:00', '23:59:00');
INSERT INTO performances (performance_id, artist_id, stage_id, festival_day, start_time, end_time) VALUES (9, 9, 6, 'DAY2', '21:00:00', '22:30:00');
INSERT INTO performances (performance_id, artist_id, stage_id, festival_day, start_time, end_time) VALUES (10, 10, 3, 'DAY1', '19:00:00', '19:45:00');
INSERT INTO performances (performance_id, artist_id, stage_id, festival_day, start_time, end_time) VALUES (11, 11, 3, 'DAY2', '12:30:00', '13:30:00');
INSERT INTO performances (performance_id, artist_id, stage_id, festival_day, start_time, end_time) VALUES (12, 12, 3, 'DAY3', '17:00:00', '17:45:00');
INSERT INTO performances (performance_id, artist_id, stage_id, festival_day, start_time, end_time) VALUES (13, 13, 3, 'DAY1', '17:00:00', '17:45:00');
INSERT INTO performances (performance_id, artist_id, stage_id, festival_day, start_time, end_time) VALUES (14, 14, 3, 'DAY2', '13:30:00', '14:30:00');
INSERT INTO performances (performance_id, artist_id, stage_id, festival_day, start_time, end_time) VALUES (15, 15, 5, 'DAY3', '15:00:00', '16:30:00');
INSERT INTO performances (performance_id, artist_id, stage_id, festival_day, start_time, end_time) VALUES (16, 13, 1, 'DAY1', '16:00:00', '16:45:00');
INSERT INTO performances (performance_id, artist_id, stage_id, festival_day, start_time, end_time) VALUES (17, 7, 5, 'DAY1', '18:00:00', '19:00:00');
INSERT INTO performances (performance_id, artist_id, stage_id, festival_day, start_time, end_time) VALUES (18, 5, 6, 'DAY1', '13:00:00', '14:30:00');
INSERT INTO performances (performance_id, artist_id, stage_id, festival_day, start_time, end_time) VALUES (19, 15, 6, 'DAY3', '18:30:00', '20:00:00');
INSERT INTO performances (performance_id, artist_id, stage_id, festival_day, start_time, end_time) VALUES (20, 8, 2, 'DAY2', '21:00:00', '21:45:00');
INSERT INTO performances (performance_id, artist_id, stage_id, festival_day, start_time, end_time) VALUES (21, 14, 6, 'DAY3', '22:30:00', '23:59:00');
INSERT INTO performances (performance_id, artist_id, stage_id, festival_day, start_time, end_time) VALUES (22, 12, 5, 'DAY1', '20:00:00', '21:30:00');
INSERT INTO performances (performance_id, artist_id, stage_id, festival_day, start_time, end_time) VALUES (23, 10, 6, 'DAY3', '22:00:00', '22:45:00');
INSERT INTO performances (performance_id, artist_id, stage_id, festival_day, start_time, end_time) VALUES (24, 1, 1, 'DAY1', '22:30:00', '23:15:00');
INSERT INTO performances (performance_id, artist_id, stage_id, festival_day, start_time, end_time) VALUES (25, 7, 4, 'DAY3', '12:00:00', '13:30:00');
INSERT INTO performances (performance_id, artist_id, stage_id, festival_day, start_time, end_time) VALUES (26, 9, 6, 'DAY1', '19:30:00', '20:15:00');
INSERT INTO performances (performance_id, artist_id, stage_id, festival_day, start_time, end_time) VALUES (27, 8, 1, 'DAY3', '20:00:00', '21:30:00');
INSERT INTO performances (performance_id, artist_id, stage_id, festival_day, start_time, end_time) VALUES (28, 9, 1, 'DAY3', '19:30:00', '20:15:00');
INSERT INTO performances (performance_id, artist_id, stage_id, festival_day, start_time, end_time) VALUES (29, 14, 3, 'DAY1', '15:00:00', '16:30:00');
INSERT INTO performances (performance_id, artist_id, stage_id, festival_day, start_time, end_time) VALUES (30, 11, 4, 'DAY2', '18:00:00', '19:00:00');

-- ---------------------------------------------------------------------
-- VENDORS
-- ---------------------------------------------------------------------
INSERT INTO vendors (vendor_id, vendor_name, category, vendor_rating) VALUES (1, 'Coastal Grill Co.', 'Food', 4.6);
INSERT INTO vendors (vendor_id, vendor_name, category, vendor_rating) VALUES (2, 'Nyama Choma Corner', 'Food', 4.3);
INSERT INTO vendors (vendor_id, vendor_name, category, vendor_rating) VALUES (3, 'Tropical Juice Bar', 'Beverage', 4.7);
INSERT INTO vendors (vendor_id, vendor_name, category, vendor_rating) VALUES (4, 'Craft Brew Station', 'Beverage', 4.1);
INSERT INTO vendors (vendor_id, vendor_name, category, vendor_rating) VALUES (5, 'SummerTides Merch', 'Merchandise', 4.4);
INSERT INTO vendors (vendor_id, vendor_name, category, vendor_rating) VALUES (6, 'Beach Threads Apparel', 'Merchandise', 3.6);
INSERT INTO vendors (vendor_id, vendor_name, category, vendor_rating) VALUES (7, 'Local Art Collective', 'Art', 4.5);
INSERT INTO vendors (vendor_id, vendor_name, category, vendor_rating) VALUES (8, 'Redbull', 'Beverage', 4.8);
INSERT INTO vendors (vendor_id, vendor_name, category, vendor_rating) VALUES (9, 'Hydration Station', 'Beverage', 4.0);
INSERT INTO vendors (vendor_id, vendor_name, category, vendor_rating) VALUES (10, 'Galito''s (Simbisa Brands)', 'Food', 4.2);
INSERT INTO vendors (vendor_id, vendor_name, category, vendor_rating) VALUES (11, 'Pizza Inn (Simbisa Brands)', 'Food', 4.0);
INSERT INTO vendors (vendor_id, vendor_name, category, vendor_rating) VALUES (12, 'Chicken Inn (Simbisa Brands)', 'Food', 4.1);

-- ---------------------------------------------------------------------
-- SALES
-- ---------------------------------------------------------------------
INSERT INTO sales (sale_id, vendor_id, attendee_id, sale_amount, sale_date) VALUES (1, 11, 19, 3486.32, '2026-04-12');
INSERT INTO sales (sale_id, vendor_id, attendee_id, sale_amount, sale_date) VALUES (2, 11, 42, 1012.56, '2026-04-12');
INSERT INTO sales (sale_id, vendor_id, attendee_id, sale_amount, sale_date) VALUES (3, 3, 22, 1254.64, '2026-04-12');
INSERT INTO sales (sale_id, vendor_id, attendee_id, sale_amount, sale_date) VALUES (4, 12, 20, 2852.01, '2026-04-10');
INSERT INTO sales (sale_id, vendor_id, attendee_id, sale_amount, sale_date) VALUES (5, 1, 31, 413.88, '2026-04-11');
INSERT INTO sales (sale_id, vendor_id, attendee_id, sale_amount, sale_date) VALUES (6, 11, 7, 3161.01, '2026-04-12');
INSERT INTO sales (sale_id, vendor_id, attendee_id, sale_amount, sale_date) VALUES (7, 8, 19, 3233.59, '2026-04-11');
INSERT INTO sales (sale_id, vendor_id, attendee_id, sale_amount, sale_date) VALUES (8, 8, 30, 2178.58, '2026-04-10');
INSERT INTO sales (sale_id, vendor_id, attendee_id, sale_amount, sale_date) VALUES (9, 9, 13, 1505.78, '2026-04-10');
INSERT INTO sales (sale_id, vendor_id, attendee_id, sale_amount, sale_date) VALUES (10, 8, 2, 1409.71, '2026-04-10');
INSERT INTO sales (sale_id, vendor_id, attendee_id, sale_amount, sale_date) VALUES (11, 9, 29, 4473.76, '2026-04-11');
INSERT INTO sales (sale_id, vendor_id, attendee_id, sale_amount, sale_date) VALUES (12, 4, 14, 474.57, '2026-04-10');
INSERT INTO sales (sale_id, vendor_id, attendee_id, sale_amount, sale_date) VALUES (13, 3, 34, 1288.87, '2026-04-11');
INSERT INTO sales (sale_id, vendor_id, attendee_id, sale_amount, sale_date) VALUES (14, 3, 39, 3717.94, '2026-04-12');
INSERT INTO sales (sale_id, vendor_id, attendee_id, sale_amount, sale_date) VALUES (15, 5, 8, 3209.52, '2026-04-10');
INSERT INTO sales (sale_id, vendor_id, attendee_id, sale_amount, sale_date) VALUES (16, 8, 32, 1864.25, '2026-04-10');
INSERT INTO sales (sale_id, vendor_id, attendee_id, sale_amount, sale_date) VALUES (17, 1, 32, 3114.91, '2026-04-11');
INSERT INTO sales (sale_id, vendor_id, attendee_id, sale_amount, sale_date) VALUES (18, 5, 10, 1960.39, '2026-04-11');
INSERT INTO sales (sale_id, vendor_id, attendee_id, sale_amount, sale_date) VALUES (19, 6, 8, 3805.00, '2026-04-10');
INSERT INTO sales (sale_id, vendor_id, attendee_id, sale_amount, sale_date) VALUES (20, 6, 22, 3800.13, '2026-04-10');
INSERT INTO sales (sale_id, vendor_id, attendee_id, sale_amount, sale_date) VALUES (21, 4, 1, 4071.81, '2026-04-11');
INSERT INTO sales (sale_id, vendor_id, attendee_id, sale_amount, sale_date) VALUES (22, 5, 24, 432.65, '2026-04-11');
INSERT INTO sales (sale_id, vendor_id, attendee_id, sale_amount, sale_date) VALUES (23, 10, 5, 1719.09, '2026-04-11');
INSERT INTO sales (sale_id, vendor_id, attendee_id, sale_amount, sale_date) VALUES (24, 13, 18, 3866.01, '2026-04-11');
INSERT INTO sales (sale_id, vendor_id, attendee_id, sale_amount, sale_date) VALUES (25, 2, 4, 3780.84, '2026-04-11');
INSERT INTO sales (sale_id, vendor_id, attendee_id, sale_amount, sale_date) VALUES (26, 11, 10, 1234.56, '2026-04-11');
INSERT INTO sales (sale_id, vendor_id, attendee_id, sale_amount, sale_date) VALUES (27, 7, 33, 1522.87, '2026-04-11');
INSERT INTO sales (sale_id, vendor_id, attendee_id, sale_amount, sale_date) VALUES (28, 13, 28, 3996.56, '2026-04-12');
INSERT INTO sales (sale_id, vendor_id, attendee_id, sale_amount, sale_date) VALUES (29, 7, 36, 2539.14, '2026-04-12');
INSERT INTO sales (sale_id, vendor_id, attendee_id, sale_amount, sale_date) VALUES (30, 2, 4, 4210.57, '2026-04-11');
INSERT INTO sales (sale_id, vendor_id, attendee_id, sale_amount, sale_date) VALUES (31, 8, 40, 3424.11, '2026-04-12');
INSERT INTO sales (sale_id, vendor_id, attendee_id, sale_amount, sale_date) VALUES (32, 5, 32, 363.05, '2026-04-12');
INSERT INTO sales (sale_id, vendor_id, attendee_id, sale_amount, sale_date) VALUES (33, 3, 11, 2204.00, '2026-04-11');
INSERT INTO sales (sale_id, vendor_id, attendee_id, sale_amount, sale_date) VALUES (34, 5, 20, 1262.48, '2026-04-12');
INSERT INTO sales (sale_id, vendor_id, attendee_id, sale_amount, sale_date) VALUES (35, 11, 17, 1917.01, '2026-04-10');
INSERT INTO sales (sale_id, vendor_id, attendee_id, sale_amount, sale_date) VALUES (36, 5, 31, 2574.35, '2026-04-11');
INSERT INTO sales (sale_id, vendor_id, attendee_id, sale_amount, sale_date) VALUES (37, 2, 11, 2947.94, '2026-04-10');
INSERT INTO sales (sale_id, vendor_id, attendee_id, sale_amount, sale_date) VALUES (38, 4, 33, 4090.93, '2026-04-11');
INSERT INTO sales (sale_id, vendor_id, attendee_id, sale_amount, sale_date) VALUES (39, 9, 15, 2120.49, '2026-04-11');
INSERT INTO sales (sale_id, vendor_id, attendee_id, sale_amount, sale_date) VALUES (40, 13, 29, 2009.29, '2026-04-12');
INSERT INTO sales (sale_id, vendor_id, attendee_id, sale_amount, sale_date) VALUES (41, 4, 16, 544.61, '2026-04-11');
INSERT INTO sales (sale_id, vendor_id, attendee_id, sale_amount, sale_date) VALUES (42, 9, 6, 1538.90, '2026-04-11');
INSERT INTO sales (sale_id, vendor_id, attendee_id, sale_amount, sale_date) VALUES (43, 5, 37, 1029.32, '2026-04-10');
INSERT INTO sales (sale_id, vendor_id, attendee_id, sale_amount, sale_date) VALUES (44, 12, 27, 1815.34, '2026-04-12');
INSERT INTO sales (sale_id, vendor_id, attendee_id, sale_amount, sale_date) VALUES (45, 9, 14, 1789.37, '2026-04-11');
INSERT INTO sales (sale_id, vendor_id, attendee_id, sale_amount, sale_date) VALUES (46, 13, 4, 2316.93, '2026-04-12');
INSERT INTO sales (sale_id, vendor_id, attendee_id, sale_amount, sale_date) VALUES (47, 6, 9, 3137.38, '2026-04-12');
INSERT INTO sales (sale_id, vendor_id, attendee_id, sale_amount, sale_date) VALUES (48, 11, 14, 552.80, '2026-04-10');
INSERT INTO sales (sale_id, vendor_id, attendee_id, sale_amount, sale_date) VALUES (49, 7, 26, 2959.19, '2026-04-11');
INSERT INTO sales (sale_id, vendor_id, attendee_id, sale_amount, sale_date) VALUES (50, 5, 2, 703.52, '2026-04-11');

-- ---------------------------------------------------------------------
-- SPONSORS 
-- ---------------------------------------------------------------------
INSERT INTO sponsors (sponsor_id, sponsor_name, contribution_amount) VALUES (1, 'Red Bull', 3200000.00);
INSERT INTO sponsors (sponsor_id, sponsor_name, contribution_amount) VALUES (2, 'Jagermeister', 1800000.00);
INSERT INTO sponsors (sponsor_id, sponsor_name, contribution_amount) VALUES (3, 'Airbnb', 2100000.00);
INSERT INTO sponsors (sponsor_id, sponsor_name, contribution_amount) VALUES (4, 'Tusker', 3500000.00);
INSERT INTO sponsors (sponsor_id, sponsor_name, contribution_amount) VALUES (5, 'Mastercard', 2800000.00);
INSERT INTO sponsors (sponsor_id, sponsor_name, contribution_amount) VALUES (6, 'Coca-Cola', 4200000.00);
INSERT INTO sponsors (sponsor_id, sponsor_name, contribution_amount) VALUES (7, 'Jambojet', 2200000.00);
INSERT INTO sponsors (sponsor_id, sponsor_name, contribution_amount) VALUES (8, 'NCBA Bank', 3000000.00);

-- ---------------------------------------------------------------------
-- STAGE SPONSORS
-- ---------------------------------------------------------------------
INSERT INTO stage_sponsors (stage_sponsor_id, stage_id, sponsor_id) VALUES (1, 1, 6);
INSERT INTO stage_sponsors (stage_sponsor_id, stage_id, sponsor_id) VALUES (2, 2, 1);
INSERT INTO stage_sponsors (stage_sponsor_id, stage_id, sponsor_id) VALUES (3, 3, 7);
INSERT INTO stage_sponsors (stage_sponsor_id, stage_id, sponsor_id) VALUES (4, 2, 4);
INSERT INTO stage_sponsors (stage_sponsor_id, stage_id, sponsor_id) VALUES (5, 2, 5);
INSERT INTO stage_sponsors (stage_sponsor_id, stage_id, sponsor_id) VALUES (6, 3, 5);
INSERT INTO stage_sponsors (stage_sponsor_id, stage_id, sponsor_id) VALUES (7, 4, 4);
INSERT INTO stage_sponsors (stage_sponsor_id, stage_id, sponsor_id) VALUES (8, 4, 5);
INSERT INTO stage_sponsors (stage_sponsor_id, stage_id, sponsor_id) VALUES (9, 5, 1);
INSERT INTO stage_sponsors (stage_sponsor_id, stage_id, sponsor_id) VALUES (10, 6, 1);