-- ---------------------------------------------------------------------
-- ATTENDEES
-- ---------------------------------------------------------------------
INSERT INTO attendees (attendee_id, first_name, last_name, email, phone_number, age, city, registration_date) VALUES  (1, 'Dennis Njoroge', '+254762992312', 'dennis.njoroge1@gmail.com', '2004-10-14', 'Eldoret', '2026-03-24');
INSERT INTO attendees (attendee_id, first_name, last_name, email, phone_number, age, city, registration_date) VALUES (2, 'Monica Otieno', '+254778106871', 'monica.otieno2@gmail.com', '2004-12-05', 'Nairobi', '2026-03-05');
INSERT INTO attendees (attendee_id, first_name, last_name, email, phone_number, age, city, registration_date) VALUES (3, 'Esther Kamau', '+254783960310', 'esther.kamau3@gmail.com', '2005-03-23', 'Eldoret', '2026-04-06');
INSERT INTO attendees (attendee_id, first_name, last_name, email, phone_number, age, city, registration_date) VALUES (4, 'Monica Barasa', '+254716655764', 'monica.barasa4@gmail.com', '1996-10-05', 'Mombasa', '2026-03-19');
INSERT INTO attendees (attendee_id, first_name, last_name, email, phone_number, age, city, registration_date) VALUES (5, 'Diana Njoroge', '+254782569631', 'diana.njoroge5@gmail.com', '2002-10-03', 'Mombasa', '2026-03-07');
INSERT INTO attendees (attendee_id, first_name, last_name, email, phone_number, age, city, registration_date) VALUES (6, 'Monica Korir', '+254795753514', 'monica.korir6@gmail.com', '2004-10-08', 'Eldoret', '2026-04-06');
INSERT INTO attendees (attendee_id, first_name, last_name, email, phone_number, age, city, registration_date) VALUES (7, 'Mary Wekesa', '+254737643310', 'mary.wekesa7@gmail.com', '2002-02-06', 'Nairobi', '2026-04-07');
INSERT INTO attendees (attendee_id, first_name, last_name, email, phone_number, age, city, registration_date) VALUES (8, 'Joyce Chebet', '+254750234045', 'joyce.chebet8@gmail.com', '2003-07-24', 'Mombasa', '2026-03-06');
INSERT INTO attendees (attendee_id, first_name, last_name, email, phone_number, age, city, registration_date) VALUES (9, 'Gladys Odhiambo', '+254780490681', 'gladys.odhiambo9@gmail.com', '2002-11-29', 'Kisumu', '2026-04-08');
INSERT INTO attendees (attendee_id, first_name, last_name, email, phone_number, age, city, registration_date) VALUES (10, 'Grace Wafula', '+254778710461', 'grace.wafula10@gmail.com', '2003-04-30', 'Nairobi', '2026-03-27');
INSERT INTO attendees (attendee_id, first_name, last_name, email, phone_number, age, city, registration_date) VALUES (14, 'Bernard Barasa', '+254799745048', 'bernard.barasa14@gmail.com', '2002-01-16', 'Mombasa', '2026-04-09');
INSERT INTO attendees (attendee_id, first_name, last_name, email, phone_number, age, city, registration_date) VALUES (15, 'Daniel Onyango', '+254717912728', 'daniel.onyango15@gmail.com', '2003-05-11', 'Mombasa', '2026-03-26');
INSERT INTO attendees (attendee_id, first_name, last_name, email, phone_number, age, city, registration_date) VALUES (16, 'Winnie Kiplagat', '+254776640001', 'winnie.kiplagat16@gmail.com', '2001-12-23', 'Kisumu', '2026-04-26');
INSERT INTO attendees (attendee_id, first_name, last_name, email, phone_number, age, city, registration_date) VALUES (17, 'Michael Wairimu', '+254767783637', 'michael.wairimu17@gmail.com', '1994-07-22', 'Nairobi', '2026-03-23');
INSERT INTO attendees (attendee_id, first_name, last_name, email, phone_number, age, city, registration_date) VALUES (18, 'Collins Adhiambo', '+254761061966', 'collins.adhiambo18@gmail.com', '1996-06-05', 'Mombasa', '2026-03-10');
INSERT INTO attendees (attendee_id, first_name, last_name, email, phone_number, age, city, registration_date) VALUES (19, 'Samuel Auma', '+254741317839', 'samuel.auma19@gmail.com', '2004-03-03', 'Kisumu', '2026-04-08 09:00:00');
INSERT INTO attendees (attendee_id, first_name, last_name, email, phone_number, age, city, registration_date) VALUES (20, 'Patrick', 'Chebet', 'patrick.chebet20@gmail.com', '+254793503456', 24, 'Mombasa', '2026-04-25 09:00:00');
INSERT INTO attendees (attendee_id, first_name, last_name, email, phone_number, age, city, registration_date) VALUES (21, 'Catherine', 'Achieng', 'catherine.achieng21@gmail.com', '+254794187382', 22, 'Mombasa', '2026-04-16 09:00:00');
INSERT INTO attendees (attendee_id, first_name, last_name, email, phone_number, age, city, registration_date) VALUES (22, 'James', 'Achieng', 'james.achieng22@gmail.com', '+254794419900', 30, 'Nairobi', '2026-04-26 09:00:00');
INSERT INTO attendees (attendee_id, first_name, last_name, email, phone_number, age, city, registration_date) VALUES (23, 'Alice', 'Wekesa', 'alice.wekesa23@gmail.com', '+254720535797', 21, 'Eldoret', '2026-03-03 09:00:00');
INSERT INTO attendees (attendee_id, first_name, last_name, email, phone_number, age, city, registration_date) VALUES (24, 'Nancy', 'Wambui', 'nancy.wambui24@gmail.com', '+254741998471', 26, 'Kisumu', '2026-03-27 09:00:00');
INSERT INTO attendees (attendee_id, first_name, last_name, email, phone_number, age, city, registration_date) VALUES (25, 'Jane', 'Onyango', 'jane.onyango25@gmail.com', '+254749384225', 21, 'Mombasa', '2026-03-15 09:00:00');
INSERT INTO attendees (attendee_id, first_name, last_name, email, phone_number, age, city, registration_date) VALUES (26, 'Alice', 'Njuguna', 'alice.njuguna26@gmail.com', '+254797712304', 33, 'Eldoret', '2026-03-18 09:00:00');
INSERT INTO attendees (attendee_id, first_name, last_name, email, phone_number, age, city, registration_date) VALUES (27, 'Paul', 'Gitau', 'paul.gitau27@gmail.com', '+254712224631', 24, 'Nairobi', '2026-03-16 09:00:00');
INSERT INTO attendees (attendee_id, first_name, last_name, email, phone_number, age, city, registration_date) VALUES (28, 'Mary', 'Otieno', 'mary.otieno28@gmail.com', '+254733656381', 22, 'Eldoret', '2026-03-24 09:00:00');
INSERT INTO attendees (attendee_id, first_name, last_name, email, phone_number, age, city, registration_date) VALUES (29, 'Michael', 'Adhiambo', 'michael.adhiambo29@gmail.com', '+254770444382', 34, 'Mombasa', '2026-04-07 09:00:00');
INSERT INTO attendees (attendee_id, first_name, last_name, email, phone_number, age, city, registration_date) VALUES (30, 'Peter', 'Kiplagat', 'peter.kiplagat30@gmail.com', '+254712401718', 23, 'Kisumu', '2026-03-03 09:00:00');
INSERT INTO attendees (attendee_id, first_name, last_name, email, phone_number, age, city, registration_date) VALUES (31, 'John', 'Wekesa', 'john.wekesa31@gmail.com', '+254795387241', 21, 'Kisumu', '2026-03-21 09:00:00');
INSERT INTO attendees (attendee_id, first_name, last_name, email, phone_number, age, city, registration_date) VALUES (32, 'Michael', 'Kamau', 'michael.kamau32@gmail.com', '+254720101615', 23, 'Eldoret', '2026-04-27 09:00:00');
INSERT INTO attendees (attendee_id, first_name, last_name, email, phone_number, age, city, registration_date) VALUES (33, 'Edwin', 'Gitau', 'edwin.gitau33@gmail.com', '+254727387161', 25, 'Kisumu', '2026-03-06 09:00:00');
INSERT INTO attendees (attendee_id, first_name, last_name, email, phone_number, age, city, registration_date) VALUES (34, 'Collins', 'Onyango', 'collins.onyango34@gmail.com', '+254720424597', 32, 'Eldoret', '2026-04-25 09:00:00');
INSERT INTO attendees (attendee_id, first_name, last_name, email, phone_number, age, city, registration_date) VALUES (35, 'Susan', 'Korir', 'susan.korir35@gmail.com', '+254711950523', 24, 'Nairobi', '2026-04-07 09:00:00');
INSERT INTO attendees (attendee_id, first_name, last_name, email, phone_number, age, city, registration_date) VALUES (36, 'David', 'Wekesa', 'david.wekesa36@gmail.com', '+254719697109', 21, 'Kisumu', '2026-04-26 09:00:00');
INSERT INTO attendees (attendee_id, first_name, last_name, email, phone_number, age, city, registration_date) VALUES (37, 'Diana', 'Gitau', 'diana.gitau37@gmail.com', '+254754311966', 24, 'Nairobi', '2026-03-30 09:00:00');
INSERT INTO attendees (attendee_id, first_name, last_name, email, phone_number, age, city, registration_date) VALUES (38, 'Lucy', 'Kamau', 'lucy.kamau38@gmail.com', '+254779618351', 20, 'Kisumu', '2026-04-08 09:00:00');
INSERT INTO attendees (attendee_id, first_name, last_name, email, phone_number, age, city, registration_date) VALUES (39, 'Faith', 'Onyango', 'faith.onyango39@gmail.com', '+254712991802', 21, 'Nairobi', '2026-04-19 09:00:00');
INSERT INTO attendees (attendee_id, first_name, last_name, email, phone_number, age, city, registration_date) VALUES (40, 'Agnes', 'Auma', 'agnes.auma40@gmail.com', '+254775269719', 21, 'Kisumu', '2026-03-20 09:00:00');
INSERT INTO attendees (attendee_id, first_name, last_name, email, phone_number, age, city, registration_date) VALUES (41, 'Elizabeth', 'Auma', 'elizabeth.auma41@gmail.com', '+254792108780', 22, 'Kisumu', '2026-04-12 09:00:00');
INSERT INTO attendees (attendee_id, first_name, last_name, email, phone_number, age, city, registration_date) VALUES (42, 'Mercy', 'Onyango', 'mercy.onyango42@gmail.com', '+254742411394', 23, 'Mombasa', '2026-04-10 09:00:00');
INSERT INTO attendees (attendee_id, first_name, last_name, email, phone_number, age, city, registration_date) VALUES (43, 'Stella', 'Rotich', 'stella.rotich43@gmail.com', '+254736882721', 32, 'Mombasa', '2026-04-07 09:00:00');
INSERT INTO attendees (attendee_id, first_name, last_name, email, phone_number, age, city, registration_date) VALUES (44, 'Dennis', 'Kiptoo', 'dennis.kiptoo44@gmail.com', '+254728277277', 35, 'Eldoret', '2026-04-15 09:00:00');

-- ---------------------------------------------------------------------
-- TICKETS 
-- ---------------------------------------------------------------------
INSERT INTO tickets (ticket_id, attendee_id, ticket_type, price, festival_day, purchase_date) VALUES (1, 5, 'VIP', 15000.00, '2026-08-14', '2026-03-08 15:00:00');
INSERT INTO tickets (ticket_id, attendee_id, ticket_type, price, festival_day, purchase_date) VALUES (2, 31, 'Early Bird', 4500.00, '2026-08-15', '2026-03-25 18:00:00');
INSERT INTO tickets (ticket_id, attendee_id, ticket_type, price, festival_day, purchase_date) VALUES (3, 34, 'Regular', 6000.00, '2026-08-16', '2026-04-23 17:00:00');
INSERT INTO tickets (ticket_id, attendee_id, ticket_type, price, festival_day, purchase_date) VALUES (4, 29, 'Regular', 6000.00, '2026-08-15', '2026-04-25 17:00:00');
INSERT INTO tickets (ticket_id, attendee_id, ticket_type, price, festival_day, purchase_date) VALUES (5, 3, 'Regular', 6000.00, '2026-08-16', '2026-03-23 12:00:00');
INSERT INTO tickets (ticket_id, attendee_id, ticket_type, price, festival_day, purchase_date) VALUES (6, 42, 'Regular', 6000.00, '2026-08-16', '2026-03-09 14:00:00');
INSERT INTO tickets (ticket_id, attendee_id, ticket_type, price, festival_day, purchase_date) VALUES (7, 30, 'Early Bird', 4500.00, '2026-08-14', '2026-04-19 10:00:00');
INSERT INTO tickets (ticket_id, attendee_id, ticket_type, price, festival_day, purchase_date) VALUES (8, 4, 'VIP', 15000.00, '2026-08-15', '2026-03-07 18:00:00');
INSERT INTO tickets (ticket_id, attendee_id, ticket_type, price, festival_day, purchase_date) VALUES (9, 35, 'Regular', 6000.00, '2026-08-14', '2026-04-13 11:00:00');
INSERT INTO tickets (ticket_id, attendee_id, ticket_type, price, festival_day, purchase_date) VALUES (10, 13, 'VIP', 15000.00, '2026-08-14', '2026-04-15 08:00:00');
INSERT INTO tickets (ticket_id, attendee_id, ticket_type, price, festival_day, purchase_date) VALUES (11, 31, 'Regular', 6000.00, '2026-08-14', '2026-03-15 12:00:00');
INSERT INTO tickets (ticket_id, attendee_id, ticket_type, price, festival_day, purchase_date) VALUES (12, 23, 'Regular', 6200.00, '2026-08-16', '2026-04-09 20:00:00');
INSERT INTO tickets (ticket_id, attendee_id, ticket_type, price, festival_day, purchase_date) VALUES (13, 11, 'Regular', 6200.00, '2026-08-14', '2026-03-06 14:00:00');
INSERT INTO tickets (ticket_id, attendee_id, ticket_type, price, festival_day, purchase_date) VALUES (14, 25, 'Early Bird', 4500.00, '2026-08-14', '2026-04-10 08:00:00');
INSERT INTO tickets (ticket_id, attendee_id, ticket_type, price, festival_day, purchase_date) VALUES (15, 25, 'Regular', 6200.00, '2026-08-16', '2026-04-20 13:00:00');
INSERT INTO tickets (ticket_id, attendee_id, ticket_type, price, festival_day, purchase_date) VALUES (16, 30, 'Regular', 6000.00, '2026-08-14', '2026-04-16 20:00:00');
INSERT INTO tickets (ticket_id, attendee_id, ticket_type, price, festival_day, purchase_date) VALUES (17, 42, 'VIP', 15000.00, '2026-08-14', '2026-03-16 14:00:00');
INSERT INTO tickets (ticket_id, attendee_id, ticket_type, price, festival_day, purchase_date) VALUES (18, 6, 'VIP', 15200.00, '2026-08-15', '2026-03-17 19:00:00');
INSERT INTO tickets (ticket_id, attendee_id, ticket_type, price, festival_day, purchase_date) VALUES (19, 2, 'Regular', 6000.00, '2026-08-14', '2026-03-29 13:00:00');
INSERT INTO tickets (ticket_id, attendee_id, ticket_type, price, festival_day, purchase_date) VALUES (20, 36, 'Regular', 6000.00, '2026-08-15', '2026-04-28 08:00:00');
INSERT INTO tickets (ticket_id, attendee_id, ticket_type, price, festival_day, purchase_date) VALUES (21, 14, 'VIP', 15000.00, '2026-08-15', '2026-04-21 08:00:00');
INSERT INTO tickets (ticket_id, attendee_id, ticket_type, price, festival_day, purchase_date) VALUES (22, 12, 'Regular', 6200.00, '2026-08-14', '2026-03-31 10:00:00');
INSERT INTO tickets (ticket_id, attendee_id, ticket_type, price, festival_day, purchase_date) VALUES (23, 34, 'VIP', 15200.00, '2026-08-16', '2026-04-14 15:00:00');
INSERT INTO tickets (ticket_id, attendee_id, ticket_type, price, festival_day, purchase_date) VALUES (24, 32, 'Regular', 6200.00, '2026-08-14', '2026-04-18 11:00:00');
INSERT INTO tickets (ticket_id, attendee_id, ticket_type, price, festival_day, purchase_date) VALUES (25, 29, 'Regular', 6000.00, '2026-08-16', '2026-04-05 18:00:00');
INSERT INTO tickets (ticket_id, attendee_id, ticket_type, price, festival_day, purchase_date) VALUES (26, 11, 'Regular', 6200.00, '2026-08-15', '2026-03-20 18:00:00');
INSERT INTO tickets (ticket_id, attendee_id, ticket_type, price, festival_day, purchase_date) VALUES (27, 25, 'VIP', 15200.00, '2026-08-14', '2026-03-20 10:00:00');
INSERT INTO tickets (ticket_id, attendee_id, ticket_type, price, festival_day, purchase_date) VALUES (28, 35, 'Regular', 6200.00, '2026-08-15', '2026-03-13 14:00:00');
INSERT INTO tickets (ticket_id, attendee_id, ticket_type, price, festival_day, purchase_date) VALUES (29, 35, 'Early Bird', 4500.00, '2026-08-16', '2026-03-25 08:00:00');
INSERT INTO tickets (ticket_id, attendee_id, ticket_type, price, festival_day, purchase_date) VALUES (30, 35, 'VIP', 15200.00, '2026-08-15', '2026-04-04 20:00:00');
INSERT INTO tickets (ticket_id, attendee_id, ticket_type, price, festival_day, purchase_date) VALUES (31, 37, 'Early Bird', 4500.00, '2026-08-16', '2026-03-11 09:00:00');
INSERT INTO tickets (ticket_id, attendee_id, ticket_type, price, festival_day, purchase_date) VALUES (32, 35, 'Regular', 6000.00, '2026-08-15', '2026-03-16 15:00:00');
INSERT INTO tickets (ticket_id, attendee_id, ticket_type, price, festival_day, purchase_date) VALUES (33, 32, 'Early Bird', 4500.00, '2026-08-15', '2026-04-03 13:00:00');
INSERT INTO tickets (ticket_id, attendee_id, ticket_type, price, festival_day, purchase_date) VALUES (34, 7, 'Early Bird', 4700.00, '2026-08-14', '2026-04-29 12:00:00');
INSERT INTO tickets (ticket_id, attendee_id, ticket_type, price, festival_day, purchase_date) VALUES (35, 9, 'Regular', 6000.00, '2026-08-14', '2026-03-13 10:00:00');
INSERT INTO tickets (ticket_id, attendee_id, ticket_type, price, festival_day, purchase_date) VALUES (36, 15, 'Early Bird', 4500.00, '2026-08-15', '2026-04-16 13:00:00');
INSERT INTO tickets (ticket_id, attendee_id, ticket_type, price, festival_day, purchase_date) VALUES (37, 16, 'Regular', 6000.00, '2026-08-15', '2026-04-16 17:00:00');
INSERT INTO tickets (ticket_id, attendee_id, ticket_type, price, festival_day, purchase_date) VALUES (38, 8, 'VIP', 15200.00, '2026-08-15', '2026-04-15 11:00:00');
INSERT INTO tickets (ticket_id, attendee_id, ticket_type, price, festival_day, purchase_date) VALUES (39, 34, 'VIP', 15000.00, '2026-08-15', '2026-04-10 14:00:00');
INSERT INTO tickets (ticket_id, attendee_id, ticket_type, price, festival_day, purchase_date) VALUES (40, 34, 'Regular', 6200.00, '2026-08-14', '2026-04-25 18:00:00');
INSERT INTO tickets (ticket_id, attendee_id, ticket_type, price, festival_day, purchase_date) VALUES (41, 35, 'Regular', 6200.00, '2026-08-14', '2026-04-24 16:00:00');
INSERT INTO tickets (ticket_id, attendee_id, ticket_type, price, festival_day, purchase_date) VALUES (42, 40, 'Regular', 6000.00, '2026-08-14', '2026-04-28 19:00:00');
INSERT INTO tickets (ticket_id, attendee_id, ticket_type, price, festival_day, purchase_date) VALUES (43, 41, 'VIP', 15000.00, '2026-08-15', '2026-04-08 13:00:00');
INSERT INTO tickets (ticket_id, attendee_id, ticket_type, price, festival_day, purchase_date) VALUES (44, 13, 'Early Bird', 4500.00, '2026-08-14', '2026-03-09 11:00:00');

-- ---------------------------------------------------------------------
-- ARTISTS
-- ---------------------------------------------------------------------
INSERT INTO artists (artist_id, first_name, last_name, genre, country) VALUES (1, 'Watendawili', '', 'Afro-Fusion / Afropop', 'Kenya');
INSERT INTO artists (artist_id, first_name, last_name, genre, country) VALUES (2, 'Nyashinski', '', 'Hip-Hop / Afro-Pop', 'Kenya');
INSERT INTO artists (artist_id, first_name, last_name, genre, country) VALUES (3, 'Kabza', 'De Small', 'Amapiano', 'South Africa');
INSERT INTO artists (artist_id, first_name, last_name, genre, country) VALUES (4, 'Rema', '', 'Afrobeats', 'Nigeria');
INSERT INTO artists (artist_id, first_name, last_name, genre, country) VALUES (5, 'Njerae', '', 'Afro-Indie / R&B', 'Kenya');
INSERT INTO artists (artist_id, first_name, last_name, genre, country) VALUES (6, 'Chris', 'Kaiga', 'Gengetone / Hip-Hop', 'Kenya');
INSERT INTO artists (artist_id, first_name, last_name, genre, country) VALUES (7, 'Bensoul', '', 'Afro-Soul / R&B', 'Kenya');
INSERT INTO artists (artist_id, first_name, last_name, genre, country) VALUES (8, 'Konshens', '', 'Dancehall', 'Jamaica');
INSERT INTO artists (artist_id, first_name, last_name, genre, country) VALUES (9, 'B3B', '', 'Gengetone', 'Kenya');
INSERT INTO artists (artist_id, first_name, last_name, genre, country) VALUES (10, 'Lil', 'Maina', 'Gengetone / Trap', 'Kenya');
INSERT INTO artists (artist_id, first_name, last_name, genre, country) VALUES (11, 'Matata', '', 'Gengetone', 'Kenya');
INSERT INTO artists (artist_id, first_name, last_name, genre, country) VALUES (12, 'Nikita', 'Kering', 'R&B / Soul', 'Kenya');
INSERT INTO artists (artist_id, first_name, last_name, genre, country) VALUES (13, 'Uncle', 'Waffles', 'Amapiano', 'Eswatini');
INSERT INTO artists (artist_id, first_name, last_name, genre, country) VALUES (14, 'Vybz', 'Kartel', 'Dancehall', 'Jamaica');
INSERT INTO artists (artist_id, first_name, last_name, genre, country) VALUES (15, 'Sauti', 'Sol', 'Afro-Pop / Soul', 'Kenya');
-- ---------------------------------------------------------------------
-- STAGES
-- ---------------------------------------------------------------------
INSERT INTO stages (stage_id, stage_name, capacity, location) VALUES (1, 'Main Stage', 8000, 'Beachfront - North End');
INSERT INTO stages (stage_id, stage_name, capacity, location) VALUES (2, 'Sunset Stage', 4000, 'Beachfront - South End');
INSERT INTO stages (stage_id, stage_name, capacity, location) VALUES (3, 'Forest Stage', 2500, 'Palm Grove');
INSERT INTO stages (stage_id, stage_name, capacity, location) VALUES (4, 'Acoustic Stage', 1200, 'Garden Lawn');
INSERT INTO stages (stage_id, stage_name, capacity, location) VALUES (5, 'Electronic Dome', 3000, 'West Field');
INSERT INTO stages (stage_id, stage_name, capacity, location) VALUES (6, 'Rising Stars Stage', 1000, 'East Field');
-- ---------------------------------------------------------------------
-- PERFORMANCES
-- ---------------------------------------------------------------------
INSERT INTO performances (performance_id, artist_id, stage_id, performance_date, start_time, end_time) VALUES (1, 1, 2, '2026-08-16', '2026-08-16 13:30:00', '2026-08-16 14:30:00');
INSERT INTO performances (performance_id, artist_id, stage_id, performance_date, start_time, end_time) VALUES (2, 2, 1, '2026-08-15', '2026-08-15 18:00:00', '2026-08-15 18:45:00');
INSERT INTO performances (performance_id, artist_id, stage_id, performance_date, start_time, end_time) VALUES (3, 3, 4, '2026-08-16', '2026-08-16 22:00:00', '2026-08-16 22:45:00');
INSERT INTO performances (performance_id, artist_id, stage_id, performance_date, start_time, end_time) VALUES (4, 4, 2, '2026-08-16', '2026-08-16 22:30:00', '2026-08-16 23:30:00');
INSERT INTO performances (performance_id, artist_id, stage_id, performance_date, start_time, end_time) VALUES (5, 5, 1, '2026-08-16', '2026-08-16 20:30:00', '2026-08-16 22:00:00');
INSERT INTO performances (performance_id, artist_id, stage_id, performance_date, start_time, end_time) VALUES (6, 6, 6, '2026-08-14', '2026-08-14 13:30:00', '2026-08-14 14:15:00');
INSERT INTO performances (performance_id, artist_id, stage_id, performance_date, start_time, end_time) VALUES (7, 7, 1, '2026-08-14', '2026-08-14 20:30:00', '2026-08-14 21:15:00');
INSERT INTO performances (performance_id, artist_id, stage_id, performance_date, start_time, end_time) VALUES (8, 8, 2, '2026-08-14', '2026-08-14 13:00:00', '2026-08-14 13:45:00');
INSERT INTO performances (performance_id, artist_id, stage_id, performance_date, start_time, end_time) VALUES (9, 9, 2, '2026-08-15', '2026-08-15 22:00:00', '2026-08-15 23:30:00');
INSERT INTO performances (performance_id, artist_id, stage_id, performance_date, start_time, end_time) VALUES (10, 10, 1, '2026-08-14', '2026-08-14 22:30:00', '2026-08-14 23:15:00');
INSERT INTO performances (performance_id, artist_id, stage_id, performance_date, start_time, end_time) VALUES (11, 11, 1, '2026-08-15', '2026-08-15 18:30:00', '2026-08-15 19:30:00');
INSERT INTO performances (performance_id, artist_id, stage_id, performance_date, start_time, end_time) VALUES (12, 12, 5, '2026-08-15', '2026-08-15 18:00:00', '2026-08-15 19:30:00');
INSERT INTO performances (performance_id, artist_id, stage_id, performance_date, start_time, end_time) VALUES (13, 13, 3, '2026-08-14', '2026-08-14 22:00:00', '2026-08-14 22:45:00');
INSERT INTO performances (performance_id, artist_id, stage_id, performance_date, start_time, end_time) VALUES (14, 14, 2, '2026-08-15', '2026-08-15 19:30:00', '2026-08-15 21:00:00');
INSERT INTO performances (performance_id, artist_id, stage_id, performance_date, start_time, end_time) VALUES (15, 15, 3, '2026-08-15', '2026-08-15 15:00:00', '2026-08-15 15:45:00');
INSERT INTO performances (performance_id, artist_id, stage_id, performance_date, start_time, end_time) VALUES (16, 9, 1, '2026-08-15', '2026-08-15 13:30:00', '2026-08-15 15:00:00');
INSERT INTO performances (performance_id, artist_id, stage_id, performance_date, start_time, end_time) VALUES (17, 10, 2, '2026-08-16', '2026-08-16 21:30:00', '2026-08-16 22:30:00');
INSERT INTO performances (performance_id, artist_id, stage_id, performance_date, start_time, end_time) VALUES (18, 5, 1, '2026-08-16', '2026-08-16 14:30:00', '2026-08-16 15:15:00');
INSERT INTO performances (performance_id, artist_id, stage_id, performance_date, start_time, end_time) VALUES (19, 15, 3, '2026-08-16', '2026-08-16 17:30:00', '2026-08-16 18:15:00');
INSERT INTO performances (performance_id, artist_id, stage_id, performance_date, start_time, end_time) VALUES (20, 7, 2, '2026-08-16', '2026-08-16 14:00:00', '2026-08-16 15:00:00');
INSERT INTO performances (performance_id, artist_id, stage_id, performance_date, start_time, end_time) VALUES (21, 5, 4, '2026-08-14', '2026-08-14 12:30:00', '2026-08-14 14:00:00');
INSERT INTO performances (performance_id, artist_id, stage_id, performance_date, start_time, end_time) VALUES (22, 15, 5, '2026-08-14', '2026-08-14 15:30:00', '2026-08-14 17:00:00');
INSERT INTO performances (performance_id, artist_id, stage_id, performance_date, start_time, end_time) VALUES (23, 5, 3, '2026-08-14', '2026-08-14 22:30:00', '2026-08-14 23:59:00');
INSERT INTO performances (performance_id, artist_id, stage_id, performance_date, start_time, end_time) VALUES (24, 3, 5, '2026-08-14', '2026-08-14 18:30:00', '2026-08-14 20:00:00');
INSERT INTO performances (performance_id, artist_id, stage_id, performance_date, start_time, end_time) VALUES (25, 4, 6, '2026-08-14', '2026-08-14 18:00:00', '2026-08-14 18:45:00');
INSERT INTO performances (performance_id, artist_id, stage_id, performance_date, start_time, end_time) VALUES (26, 10, 1, '2026-08-16', '2026-08-16 15:30:00', '2026-08-16 16:30:00');
INSERT INTO performances (performance_id, artist_id, stage_id, performance_date, start_time, end_time) VALUES (27, 7, 5, '2026-08-14', '2026-08-14 15:30:00', '2026-08-14 16:15:00');
INSERT INTO performances (performance_id, artist_id, stage_id, performance_date, start_time, end_time) VALUES (28, 2, 3, '2026-08-15', '2026-08-15 16:30:00', '2026-08-15 18:00:00');
INSERT INTO performances (performance_id, artist_id, stage_id, performance_date, start_time, end_time) VALUES (29, 9, 5, '2026-08-15', '2026-08-15 20:00:00', '2026-08-15 21:30:00');
INSERT INTO performances (performance_id, artist_id, stage_id, performance_date, start_time, end_time) VALUES (30, 8, 6, '2026-08-14', '2026-08-14 20:00:00', '2026-08-14 21:00:00');

-- ---------------------------------------------------------------------
-- VENDORS
-- ---------------------------------------------------------------------
INSERT INTO vendors (vendor_id, vendor_name, category, rating, contact_email) VALUES (1, 'Coastal Grill Co.', 'Food', 4.6, 'contact@coastalgrill.com');
INSERT INTO vendors (vendor_id, vendor_name, category, rating, contact_email) VALUES (2, 'Nyama Choma Corner', 'Food', 4.3, 'info@nyamachoma.com');
INSERT INTO vendors (vendor_id, vendor_name, category, rating, contact_email) VALUES (3, 'Tropical Juice Bar', 'Beverage', 4.7, 'orders@tropicaljuice.com');
INSERT INTO vendors (vendor_id, vendor_name, category, rating, contact_email) VALUES (4, 'Craft Brew Station', 'Beverage', 4.1, 'brew@craftbrew.com');
INSERT INTO vendors (vendor_id, vendor_name, category, rating, contact_email) VALUES (5, 'SummerTides Merch', 'Merchandise', 4.4, 'sales@summertides.com');
INSERT INTO vendors (vendor_id, vendor_name, category, rating, contact_email) VALUES (6, 'Beach Threads Apparel', 'Merchandise', 3.6, 'info@beachthreads.com');
INSERT INTO vendors (vendor_id, vendor_name, category, rating, contact_email) VALUES (7, 'Local Art Collective', 'Art', 4.5, 'art@localcollective.com');
INSERT INTO vendors (vendor_id, vendor_name, category, rating, contact_email) VALUES (8, 'Redbull', 'Beverage', 4.8, 'orders@redbull.com');
INSERT INTO vendors (vendor_id, vendor_name, category, rating, contact_email) VALUES (9, 'Hydration Station', 'Beverage', 4.0, 'info@hydrationstation.com');
INSERT INTO vendors (vendor_id, vendor_name, category, rating, contact_email) VALUES (10, 'Galito''s (Simbisa Brands)', 'Food', 4.2, 'orders@galitos.com');
INSERT INTO vendors (vendor_id, vendor_name, category, rating, contact_email) VALUES (11, 'Pizza Inn (Simbisa Brands)', 'Food', 4.0, 'orders@pizzainn.com');
INSERT INTO vendors (vendor_id, vendor_name, category, rating, contact_email) VALUES (12, 'Chicken Inn (Simbisa Brands)', 'Food', 4.1, 'orders@chickeninn.com');

-- ---------------------------------------------------------------------
-- SALES
-- ---------------------------------------------------------------------
INSERT INTO sales (sale_id, vendor_id, attendee_id, sale_amount, sale_date) VALUES (1, 11, 19, 348600.32, '2026-04-12');
INSERT INTO sales (sale_id, vendor_id, attendee_id, sale_amount, sale_date) VALUES (2, 11, 42, 101200.56, '2026-04-12');
INSERT INTO sales (sale_id, vendor_id, attendee_id, sale_amount, sale_date) VALUES (3, 3, 22, 125400.64, '2026-04-12');
INSERT INTO sales (sale_id, vendor_id, attendee_id, sale_amount, sale_date) VALUES (4, 12, 20, 285200.01, '2026-04-10');
INSERT INTO sales (sale_id, vendor_id, attendee_id, sale_amount, sale_date) VALUES (5, 1, 31, 413550.88, '2026-04-11');
INSERT INTO sales (sale_id, vendor_id, attendee_id, sale_amount, sale_date) VALUES (6, 11, 7, 316100.01, '2026-04-12');
INSERT INTO sales (sale_id, vendor_id, attendee_id, sale_amount, sale_date) VALUES (7, 8, 19, 323315.59, '2026-04-11');
INSERT INTO sales (sale_id, vendor_id, attendee_id, sale_amount, sale_date) VALUES (8, 8, 30, 217870.58, '2026-04-10');
INSERT INTO sales (sale_id, vendor_id, attendee_id, sale_amount, sale_date) VALUES (9, 9, 13, 150555.78, '2026-04-10');
INSERT INTO sales (sale_id, vendor_id, attendee_id, sale_amount, sale_date) VALUES (10, 8, 2, 1409090.71, '2026-04-10');
INSERT INTO sales (sale_id, vendor_id, attendee_id, sale_amount, sale_date) VALUES (11, 9, 29, 447300.76, '2026-04-11');
INSERT INTO sales (sale_id, vendor_id, attendee_id, sale_amount, sale_date) VALUES (12, 4, 14, 47400.57, '2026-04-10');
INSERT INTO sales (sale_id, vendor_id, attendee_id, sale_amount, sale_date) VALUES (13, 3, 34, 128008.87, '2026-04-11');
INSERT INTO sales (sale_id, vendor_id, attendee_id, sale_amount, sale_date) VALUES (14, 3, 39, 371700.94, '2026-04-12');
INSERT INTO sales (sale_id, vendor_id, attendee_id, sale_amount, sale_date) VALUES (15, 5, 8, 320900.52, '2026-04-10');
INSERT INTO sales (sale_id, vendor_id, attendee_id, sale_amount, sale_date) VALUES (16, 8, 32, 186400.25, '2026-04-10');
INSERT INTO sales (sale_id, vendor_id, attendee_id, sale_amount, sale_date) VALUES (17, 1, 32, 311400.91, '2026-04-11');
INSERT INTO sales (sale_id, vendor_id, attendee_id, sale_amount, sale_date) VALUES (18, 5, 10, 196000.39, '2026-04-11');
INSERT INTO sales (sale_id, vendor_id, attendee_id, sale_amount, sale_date) VALUES (19, 6, 8, 380500.00, '2026-04-10');
INSERT INTO sales (sale_id, vendor_id, attendee_id, sale_amount, sale_date) VALUES (20, 6, 22, 380000.13, '2026-04-10');
INSERT INTO sales (sale_id, vendor_id, attendee_id, sale_amount, sale_date) VALUES (21, 4, 1, 407100.81, '2026-04-11');
INSERT INTO sales (sale_id, vendor_id, attendee_id, sale_amount, sale_date) VALUES (22, 5, 24, 43200.65, '2026-04-11');
INSERT INTO sales (sale_id, vendor_id, attendee_id, sale_amount, sale_date) VALUES (23, 10, 5, 171900.09, '2026-04-11');
INSERT INTO sales (sale_id, vendor_id, attendee_id, sale_amount, sale_date) VALUES (24, 13, 18, 386600.01, '2026-04-11');
INSERT INTO sales (sale_id, vendor_id, attendee_id, sale_amount, sale_date) VALUES (25, 2, 4, 378000.84, '2026-04-11');
INSERT INTO sales (sale_id, vendor_id, attendee_id, sale_amount, sale_date) VALUES (26, 11, 10, 123400.56, '2026-04-11');
INSERT INTO sales (sale_id, vendor_id, attendee_id, sale_amount, sale_date) VALUES (27, 7, 33, 152200.87, '2026-04-11');
INSERT INTO sales (sale_id, vendor_id, attendee_id, sale_amount, sale_date) VALUES (28, 13, 28, 399006.56, '2026-04-12');
INSERT INTO sales (sale_id, vendor_id, attendee_id, sale_amount, sale_date) VALUES (29, 7, 36, 253900.14, '2026-04-12');
INSERT INTO sales (sale_id, vendor_id, attendee_id, sale_amount, sale_date) VALUES (30, 2, 4, 421000.57, '2026-04-11');
INSERT INTO sales (sale_id, vendor_id, attendee_id, sale_amount, sale_date) VALUES (31, 8, 40, 342000.11, '2026-04-12');
INSERT INTO sales (sale_id, vendor_id, attendee_id, sale_amount, sale_date) VALUES (32, 5, 32, 36300.05, '2026-04-12');
INSERT INTO sales (sale_id, vendor_id, attendee_id, sale_amount, sale_date) VALUES (33, 3, 11, 220400.00, '2026-04-11');
INSERT INTO sales (sale_id, vendor_id, attendee_id, sale_amount, sale_date) VALUES (34, 5, 20, 126200.48, '2026-04-12');
INSERT INTO sales (sale_id, vendor_id, attendee_id, sale_amount, sale_date) VALUES (35, 11, 17, 191700.01, '2026-04-10');
INSERT INTO sales (sale_id, vendor_id, attendee_id, sale_amount, sale_date) VALUES (36, 5, 31, 257400.35, '2026-04-11');
INSERT INTO sales (sale_id, vendor_id, attendee_id, sale_amount, sale_date) VALUES (37, 2, 11, 294700.94, '2026-04-10');
INSERT INTO sales (sale_id, vendor_id, attendee_id, sale_amount, sale_date) VALUES (38, 4, 33, 409000.93, '2026-04-11');
INSERT INTO sales (sale_id, vendor_id, attendee_id, sale_amount, sale_date) VALUES (39, 9, 15, 212000.49, '2026-04-11');
INSERT INTO sales (sale_id, vendor_id, attendee_id, sale_amount, sale_date) VALUES (40, 13, 29, 200900.29, '2026-04-12');
INSERT INTO sales (sale_id, vendor_id, attendee_id, sale_amount, sale_date) VALUES (41, 4, 16, 544700.61, '2026-04-11');
INSERT INTO sales (sale_id, vendor_id, attendee_id, sale_amount, sale_date) VALUES (42, 9, 6, 153800.90, '2026-04-11');
INSERT INTO sales (sale_id, vendor_id, attendee_id, sale_amount, sale_date) VALUES (43, 5, 37, 102900.32, '2026-04-10');
INSERT INTO sales (sale_id, vendor_id, attendee_id, sale_amount, sale_date) VALUES (44, 12, 27, 181500.34, '2026-04-12');
INSERT INTO sales (sale_id, vendor_id, attendee_id, sale_amount, sale_date) VALUES (45, 9, 14, 178900.37, '2026-04-11');
INSERT INTO sales (sale_id, vendor_id, attendee_id, sale_amount, sale_date) VALUES (46, 13, 4, 231600.93, '2026-04-12');
INSERT INTO sales (sale_id, vendor_id, attendee_id, sale_amount, sale_date) VALUES (47, 6, 9, 313700.38, '2026-04-12');
INSERT INTO sales (sale_id, vendor_id, attendee_id, sale_amount, sale_date) VALUES (48, 11, 14, 55200.80, '2026-04-10');
INSERT INTO sales (sale_id, vendor_id, attendee_id, sale_amount, sale_date) VALUES (49, 7, 26, 295900.19, '2026-04-11');
INSERT INTO sales (sale_id, vendor_id, attendee_id, sale_amount, sale_date) VALUES (50, 5, 2, 700030.52, '2026-04-11');

-- ---------------------------------------------------------------------
-- SPONSORS 
-- ---------------------------------------------------------------------
INSERT INTO sponsors (sponsor_id, sponsor_name, contact_email, company_name, industry) VALUES  (1, 'Red Bull', 'contact@redbull.com', 'Red Bull GmbH', 'Beverages');
INSERT INTO sponsors (sponsor_id, sponsor_name, contact_email, company_name, industry) VALUES (2, 'Jagermeister', 'contact@jagermeister.com', 'Jagermeister GmbH', 'Beverages');
INSERT INTO sponsors (sponsor_id, sponsor_name, contact_email, company_name, industry) VALUES (3, 'Airbnb', 'contact@airbnb.com', 'Airbnb Inc', 'Hospitality');
INSERT INTO sponsors (sponsor_id, sponsor_name, contact_email, company_name, industry) VALUES (4, 'Tusker', 'contact@tusker.com', 'Tusker Ltd', 'Beverages');
INSERT INTO sponsors (sponsor_id, sponsor_name, contact_email, company_name, industry) VALUES (5, 'Mastercard', 'contact@mastercard.com', 'Mastercard Inc', 'Financial Services');
INSERT INTO sponsors (sponsor_id, sponsor_name, contact_email, company_name, industry) VALUES (6, 'Coca-Cola', 'contact@coca-cola.com', 'Coca-Cola Company', 'Beverages');
INSERT INTO sponsors (sponsor_id, sponsor_name, contact_email, company_name, industry) VALUES (7, 'Jambojet', 'contact@jambojet.com', 'Jambojet Ltd', 'Airlines');
INSERT INTO sponsors (sponsor_id, sponsor_name, contact_email, company_name, industry) VALUES (8, 'NCBA Bank', 'contact@ncba bank.com', 'NCBA Bank Ltd', 'Financial Services');

-- ---------------------------------------------------------------------
-- STAGE SPONSORS
-- ---------------------------------------------------------------------
INSERT INTO stage_sponsors (stage_id, sponsor_id, contribution_amount) VALUES (1, 4, 860000.00);
INSERT INTO stage_sponsors (stage_id, sponsor_id, contribution_amount) VALUES (2, 2, 800000.00);
INSERT INTO stage_sponsors (stage_id, sponsor_id, contribution_amount) VALUES (3, 3, 250000.00);
INSERT INTO stage_sponsors (stage_id, sponsor_id, contribution_amount) VALUES (3, 4, 900000.00);
INSERT INTO stage_sponsors (stage_id, sponsor_id, contribution_amount) VALUES (4, 3, 500000.00);
INSERT INTO stage_sponsors (stage_id, sponsor_id, contribution_amount) VALUES (4, 4, 440000.00);
INSERT INTO stage_sponsors (stage_id, sponsor_id, contribution_amount) VALUES (5, 2, 330000.00);
INSERT INTO stage_sponsors (stage_id, sponsor_id, contribution_amount) VALUES (5, 4, 750000.00);
INSERT INTO stage_sponsors (stage_id, sponsor_id, contribution_amount) VALUES (6, 3, 290000.00);
INSERT INTO stage_sponsors (stage_id, sponsor_id, contribution_amount) VALUES (6, 5, 650000.00);